{
    "Acur\u00e1cia": 0.965,
    "Precis\u00e3o": 0.9654201597883251,
    "Recall": 0.965,
    "F1-score": 0.9649927798849469,
    "MSE": 0.035,
    "RMSE": 0.18708286933869708,
    "R\u00b2": 0.8599997812496583
}