{
    "Acur\u00e1cia": 0.985,
    "Precis\u00e3o": 0.9850486912279222,
    "Recall": 0.985,
    "F1-score": 0.9849997187460449,
    "MSE": 0.015,
    "RMSE": 0.1224744871391589,
    "R\u00b2": 0.9399999062498535
}