{
    "Acur\u00e1cia": 0.886875,
    "Precis\u00e3o": 0.8871990868875838,
    "Recall": 0.886875,
    "F1-score": 0.8868536528167548,
    "MSE": 0.113125,
    "RMSE": 0.3363406011768428,
    "R\u00b2": 0.5474992929676453
}