{
    "Acur\u00e1cia": 0.971875,
    "Precis\u00e3o": 0.97193512319982,
    "Recall": 0.971875,
    "F1-score": 0.9718743078480798,
    "MSE": 0.028125,
    "RMSE": 0.16770509831248423,
    "R\u00b2": 0.8874998242184754
}