{
    "Acur\u00e1cia": 0.985625,
    "Precis\u00e3o": 0.9856440825083126,
    "Recall": 0.985625,
    "F1-score": 0.9856249157711884,
    "MSE": 0.014375,
    "RMSE": 0.11989578808281799,
    "R\u00b2": 0.9424999101561097
}