{
    "Acur\u00e1cia": 0.973125,
    "Precis\u00e3o": 0.9732505087082093,
    "Recall": 0.973125,
    "F1-score": 0.9731234987083375,
    "MSE": 0.026875,
    "RMSE": 0.16393596310755001,
    "R\u00b2": 0.8924998320309876
}